sim_s,stage,x,y,z,yaw,odom_x,odom_y,odom_v,odom_w,margin_m,nearest_model,front_strip_range_m
7.399,initializing,-6.190656161553293,4.746897699673493e-09,0.006132350062906206,-1.5007245608144042e-08,1.747108132893057e-05,-1.3714662561950306e-14,-3.5575383784680614e-18,5.464728691963229e-19,1.3056734449239271,entrance_curb_-4.83_1,inf
7.601,initial_stop,-6.190656161553293,4.746897699673493e-09,0.006132350062906206,-1.5007245608144042e-08,1.7471081328929894e-05,-1.3714662561949402e-14,-3.3881317890172014e-18,1.0929457383926457e-18,1.3056734449239271,entrance_curb_-4.83_1,inf
7.832,initial_stop,-6.190656161553293,4.746897699673493e-09,0.006132350062906206,-1.5007245608144042e-08,1.7471081328929037e-05,-1.3714662561948291e-14,-3.7269449679189215e-18,1.0929457383926457e-18,1.3056734449239271,entrance_curb_-4.83_1,inf
8.051,initial_stop,-6.190656161553293,4.746897699673493e-09,0.006132350062906206,-1.5007245608144042e-08,1.7471081328928258e-05,-1.3714662561947296e-14,-3.7269449679189215e-18,0.0,1.3056734449239271,entrance_curb_-4.83_1,inf
8.282,initial_stop,-6.190656161553293,4.746897699673493e-09,0.006132350062906206,-1.5007245608144042e-08,1.747108132892744e-05,-1.3714662561946188e-14,-3.2187251995663413e-18,5.464728691963229e-19,1.3056734449239271,entrance_curb_-4.83_1,inf
8.485,initial_stop,-6.190656161553293,4.746897699673493e-09,0.006132350062906206,-1.5007245608144042e-08,1.747108132892667e-05,-1.3714662561945197e-14,-3.5575383784680614e-18,2.732364345981614e-18,1.3056734449239271,entrance_curb_-4.83_1,inf
8.685,initial_stop,-6.190656161553293,4.746897699673493e-09,0.006132350062906206,-1.5007245608144042e-08,1.7471081328925934e-05,-1.371466256194424e-14,-2.879912020664621e-18,1.6394186075889684e-18,1.3056734449239271,entrance_curb_-4.83_1,inf
8.905,initial_stop,-6.190656161553293,4.746897699673493e-09,0.006132350062906206,-1.5007245608144042e-08,1.7471081328925083e-05,-1.3714662561943109e-14,-4.573977915173222e-18,1.6394186075889684e-18,1.3056734449239271,entrance_curb_-4.83_1,inf
9.14,route_1_to_-5.6,-6.173636189100641,4.5498755695818295e-09,0.006132884195914124,-1.3664821540557591e-08,0.01816247107663798,3.2236246065377195e-12,0.18549999997523237,1.0973000621938129e-08,1.2950303488279094,entrance_curb_-4.83_1,inf
9.374,route_1_to_-5.6,-6.1126761954935525,4.01512392571115e-09,0.006132882206853515,-1.1472445273213087e-08,0.07127747107380716,1.0457315120822345e-10,0.27999999999475456,7.2710318948528004e-09,1.2576313262818744,entrance_curb_-4.83_1,inf
9.581,route_1_to_-5.6,-6.054716180892749,3.594006647279721e-09,0.0061328772324092,-9.995579286656538e-09,0.12839747107273736,2.9550385976139473e-10,0.2799999999947539,4.778435711632628e-09,1.22316229614158,entrance_curb_-4.83_1,inf
9.794,route_1_to_-5.6,-5.995076167508369,3.2166698972119693e-09,0.006132869117056631,-8.687250501614121e-09,0.1950374710714876,5.820824491635934e-10,0.27999999999476355,1.295043821285034e-09,1.188863533710269,entrance_curb_-4.83_1,inf
10.001,route_1_to_-5.6,-5.940915221440807,2.9134038635243988e-09,0.00613285944417816,-7.718996284713343e-09,0.24854178366294954,8.299784548387992e-10,0.24481675106245854,-1.0872709542733292e-09,1.158796607526394,entrance_curb_-4.83_1,inf
10.239,route_1_to_-5.6,-5.887931507075535,2.6478157229497393e-09,0.006132848146337784,-6.9115471611447505e-09,0.3017014681702239,1.0616398862332527e-09,0.20797050835140443,-3.626856879340186e-09,1.1304277848935136,entrance_curb_-4.83_1,inf
10.495,route_1_to_-5.6,-5.839800291993858,2.4104288522170843e-09,0.006132836705221836,-6.390455513475876e-09,0.3468416193449141,1.2186645470410484e-09,0.17525698812028978,-5.920935784675316e-09,1.105592784292493,entrance_curb_-4.83_1,inf
10.7,route_1_to_-5.6,-5.807211654832607,2.2698030440177987e-09,0.006132828540267904,-6.0320315458007796e-09,0.37986307593700885,1.290274957958661e-09,0.15076184441060458,-8.255305041710552e-09,1.0893023077788888,entrance_curb_-4.83_1,inf
10.901,route_1_to_-5.6,-5.779540189735458,2.1545039635022403e-09,0.00613282153367335,-5.792799894335149e-09,0.40840902213306257,1.303786268800272e-09,0.13112120982522457,-1.047645841046849e-08,1.0758124050584912,entrance_curb_-4.83_1,inf
11.101,route_1_to_-5.6,-5.755708522637195,2.0561813927844157e-09,0.006132815780695488,-5.662178992514149e-09,0.4330750272180002,1.2621426338410046e-09,0.11446285757620855,-1.2738484102673314e-08,1.064452277998556,entrance_curb_-4.83_1,inf
11.315,route_1_to_-5.6,-5.7336934333280265,1.965731443651163e-09,0.006132812933775535,-5.655012566227378e-09,0.45438899732760984,1.1694184827365431e-09,0.09887192516430665,-1.526579937729461e-08,1.0541742528048477,entrance_curb_-4.83_1,inf
11.549,route_1_to_-5.6,-5.713127305970824,1.8996845848268155e-09,0.006132816261023803,-5.786612031702853e-09,0.4756604985580365,1.0033144782191693e-09,0.08194741913451487,-1.9052823834759958e-08,1.0447634968531028,entrance_curb_-4.83_1,inf
11.78,stop_x-5.6,-5.696964721052877,1.8500106317588108e-09,0.006132820388689862,-5.981652379599673e-09,0.4933808007254264,7.855361594046733e-10,0.04262537729110005,-1.3420178946616135e-08,1.0374990239669657,entrance_curb_-4.83_1,inf
11.986,stop_x-5.6,-5.696964721052877,1.8500106317588108e-09,0.006132820388689862,-5.981652379599673e-09,0.4933808007262111,7.855361593929936e-10,0.0,0.0,1.0374990239669657,entrance_curb_-4.83_1,inf
12.192,stop_x-5.6,-5.696964721052877,1.8500106317588108e-09,0.006132820388689862,-5.981652379599673e-09,0.4933808007262111,7.855361593929936e-10,0.0,0.0,1.0374990239669657,entrance_curb_-4.83_1,inf
12.408,stop_x-5.6,-5.696964721052877,1.8500106317588108e-09,0.006132820388689862,-5.981652379599673e-09,0.4933808007262111,7.855361593929936e-10,0.0,0.0,1.0374990239669657,entrance_curb_-4.83_1,inf
12.633,stop_x-5.6,-5.696964721052877,1.8500106317588108e-09,0.006132820388689862,-5.981652379599673e-09,0.4933808007262111,7.855361593929936e-10,0.0,0.0,1.0374990239669657,entrance_curb_-4.83_1,inf
12.859,stop_x-5.6,-5.696964721052877,1.8500106317588108e-09,0.006132820388689862,-5.981652379599673e-09,0.4933808007262111,7.855361593929936e-10,0.0,0.0,1.0374990239669657,entrance_curb_-4.83_1,inf
13.097,stop_x-5.6,-5.696964721052877,1.8500106317588108e-09,0.006132820388689862,-5.981652379599673e-09,0.4933808007262111,7.855361593929936e-10,0.0,0.0,1.0374990239669657,entrance_curb_-4.83_1,inf
13.299,route_2_to_0.8,-5.696793724189675,1.866868393197934e-09,0.006132820281268718,-5.922564963937075e-09,0.493471800725891,7.8418974880195e-10,0.008499999975389305,1.0252667890303121e-08,1.0374227907616236,entrance_curb_-4.83_1,inf
13.515,route_2_to_0.8,-5.6694697741325575,1.7766348746725246e-09,0.006132827316550746,-6.293276055646861e-09,0.5170338007208466,4.689360364924706e-10,0.21249999997520752,1.077809884352995e-08,1.025410861636927,entrance_curb_-4.83_1,inf
13.734,route_2_to_0.8,-5.609184785605875,1.5353601591678506e-09,0.006132842598503379,-5.718860454574227e-09,0.5722008007185373,-1.6473569049633533e-10,0.2799999999947511,1.0115098722775981e-08,1.0001265826281531,entrance_curb_-4.83_1,inf
13.966,route_2_to_0.8,-5.5442247832931395,1.300576377031376e-09,0.0061328571869145,-5.050131976577833e-09,0.6388408007172848,-7.834961993042429e-10,0.27999999999474556,8.946803871233735e-09,0.9748262426248178,entrance_curb_-4.83_1,inf
14.171,route_2_to_0.8,-5.486824777478489,1.1163405323515268e-09,0.006132867930378617,-4.541031831312818e-09,0.6959608007162112,-1.199965931763803e-09,0.27999999999474,8.041345367360007e-09,0.9542192687240649,entrance_curb_-4.83_1,inf
14.38,route_2_to_0.8,-5.428304768638967,9.479118513409351e-10,0.006132876344911333,-4.089798144960107e-09,0.7626008007149585,-1.5675370746059788e-09,0.27999999999474556,7.236057631224237e-09,0.9349646659598989,entrance_curb_-4.83_1,inf
14.588,route_2_to_0.8,-5.370064757760592,7.972406674331753e-10,0.006132881821967511,-3.7002025480257197e-09,0.8197208007138832,-1.7914501238757657e-09,0.27999999999474556,6.523187008477019e-09,0.9176213221044376,entrance_curb_-4.83_1,inf
14.816,route_2_to_0.8,-5.306224744554408,6.48903671172777e-10,0.006132884234600948,-3.331870716470679e-09,0.8768408007128154,-1.9394032290918234e-09,0.27999999999474556,5.9336585824010616e-09,0.90076301782291,entrance_curb_-4.83_1,inf
15.038,route_2_to_0.8,-5.2440647298645775,5.129767001167122e-10,0.006132882913940091,-2.9809143890202907e-09,0.9434808007115609,-2.0249886042855744e-09,0.27999999999474556,5.3239670736520696e-09,0.8865758572993974,entrance_curb_-4.83_1,inf
15.275,route_2_to_0.8,-5.177704712366353,3.835966762464117e-10,0.006132877602042932,-2.6374061113862816e-09,1.0101208007103093,-2.0264209806498975e-09,0.27999999999474,4.744770884434318e-09,0.8739211514242211,entrance_curb_-4.83_1,inf
15.486,route_2_to_0.8,-5.118624698918883,2.802539828263206e-10,0.0061328696911618595,-2.3786560748385498e-09,1.067240800709234,-1.967778885886526e-09,0.27999999999474,4.294736609355619e-09,0.8648674119198017,entrance_curb_-4.83_1,inf
15.701,route_2_to_0.8,-5.058424688252853,1.8475509194209803e-10,0.006132858930660844,-2.1525327126684103e-09,1.1243608007081591,-1.859194851644095e-09,0.2799999999947511,3.9289002159186504e-09,0.8578241139057456,entrance_curb_-4.83_1,inf
15.92,route_2_to_0.8,-4.997104681337752,9.619114862328741e-11,0.006132845718352424,-1.955071011159819e-09,1.1910008007069046,-1.675201792650905e-09,0.27999999999474,3.5189414106643225e-09,0.8529439537394605,entrance_curb_-4.83_1,inf
16.136,route_2_to_0.8,-4.936624679022113,1.6288211931578584e-11,0.00613283119776754,-1.786329331246419e-09,1.2481208007058302,-1.472606244753959e-09,0.2799999999947511,3.2542427534061124e-09,0.850419122311824,entrance_curb_-4.83_1,inf
16.363,route_2_to_0.8,-4.873064681756399,-6.042090340623828e-11,0.006132816031216217,-1.6231852313599169e-09,1.3147608007045815,-1.1883615031298178e-09,0.27999999999474,2.9790865115288513e-09,0.8499999999395786,entrance_curb_-4.83_-1,inf
16.568,route_2_to_0.8,-4.815664690355874,-1.2409527958218658e-10,0.006132821876153552,-1.281301104090999e-09,1.3718808007035062,-9.07236441446559e-10,0.2799999999947511,2.484894010986834e-09,0.8499999998759045,entrance_curb_-4.83_-1,inf
16.77,route_2_to_0.8,-4.759104694887182,-1.7339403719914087e-10,0.006132835509216126,-9.592670690065647e-10,1.4290008007024309,-5.972624872631574e-10,0.27999999999474,1.9016687865990704e-09,0.8500002503176001,entrance_curb_-4.83_-1,inf
16.998,route_2_to_0.8,-4.695264694971795,-2.1480104868408075e-10,0.006132850604361152,-6.455989321776294e-10,1.486120800701359,-2.652174835616686e-10,0.2799999999947511,1.4043246852129558e-09,0.8513090454467964,entrance_curb_-4.83_-1,inf
17.201,route_2_to_0.8,-4.638424691042436,-2.4082770630686673e-10,0.006132862365032166,-4.056686920468254e-10,1.5527608007001112,1.418881766889347e-10,0.27999999999474,8.583456526190687e-10,0.8546122755910466,entrance_curb_-4.83_-1,inf
17.418,route_2_to_0.8,-4.577664683362346,-2.590391171367638e-10,0.006132872519730367,-1.84422798331384e-10,1.6098808006990408,5.019080748481935e-10,0.2799999999947511,4.713075807763567e-10,0.8603559131025749,entrance_curb_-4.83_-1,inf
17.624,route_2_to_0.8,-4.519984673530437,-2.684581024294439e-10,0.0061328794201854,-3.7296341958928044e-12,1.6670008006979664,8.675274874723241e-10,0.2799999999947511,1.5041731301373084e-10,0.8679021466334804,entrance_curb_-4.83_-1,inf
17.827,route_2_to_0.8,-4.463144662273763,-2.7132308451511804e-10,0.006132883322812489,1.5040571563801019e-10,1.724120800696891,1.2350262340107159e-09,0.27999999999474,-1.4321877017664514e-10,0.8773054693782365,entrance_curb_-4.83_-1,inf
18.033,route_2_to_0.8,-4.405464650051315,-2.662578349225058e-10,0.0061328841865449565,2.7689518160880945e-10,1.7812408006958158,1.6010321894469345e-09,0.2799999999947511,-3.8005441088136e-10,0.8888091144215697,entrance_curb_-4.83_-1,inf
18.259,route_2_to_0.8,-4.342184633909367,-2.4926349162070807e-10,0.006132881575843132,3.4345554434549854e-10,1.8478808006945617,2.022587911940769e-09,0.2799999999947511,-4.993854792055866e-10,0.9036534338681139,entrance_curb_-4.83_-1,inf
18.47,route_2_to_0.8,-4.2831046188348605,-2.3035001180033974e-10,0.006132875870389891,4.1143195394134677e-10,1.9050008006934864,2.3774443041833486e-09,0.2799999999947511,-6.376977798863077e-10,0.9195595837943378,entrance_curb_-4.83_-1,inf
18.687,route_2_to_0.8,-4.222344605744245,-2.083118884046971e-10,0.0061328669707043275,4.712792791832185e-10,1.971640800692232,2.7819353460698513e-09,0.2799999999947511,-7.633320498987285e-10,0.9379198210536284,entrance_curb_-4.83_-1,inf
18.928,route_2_to_0.8,-4.154864595166949,-1.8118678168346172e-10,0.006132854012224748,5.273491377276676e-10,2.038280800690978,3.174271589570166e-09,0.2799999999947733,-8.643981587855737e-10,0.9606106680371957,entrance_curb_-4.83_-1,inf
19.159,route_2_to_0.8,-4.09018458984311,-1.5298031810643758e-10,0.006132839298612837,5.714991702054348e-10,2.0954008006899025,3.499575847761636e-09,0.2799999999947289,-9.575136382702642e-10,0.98454682358076,entrance_curb_-4.83_-1,inf
19.385,route_2_to_0.8,-4.026904589789766,-1.2379475378902222e-10,0.006132823775038524,6.035560167173103e-10,2.162040800688648,3.8649813313177735e-09,0.2799999999947511,-1.0313613762308146e-09,1.0099513857135844,entrance_curb_-4.83_-1,inf
19.589,route_2_to_0.8,-3.96978459564594,-9.63840745098174e-11,0.006132815667051729,5.401813427508827e-10,2.2191608006875727,4.165245739144462e-09,0.2799999999947511,-9.919663656795999e-10,1.034500037817321,entrance_curb_-4.83_-1,inf
19.798,route_2_to_0.8,-3.9112646030139335,-7.314520053905101e-11,0.006132827688943277,3.1000414894318706e-10,2.276280800686504,4.454437725797953e-09,0.2799999999946401,-5.923577041064545e-10,1.0611741423350294,entrance_curb_-4.83_-1,inf
20.0,route_2_to_0.8,-3.854704605657968,-5.939213676362369e-11,0.0061328415324883555,1.1542278468096557e-10,2.33340080068543,4.736670268992661e-09,0.27999999999486214,-2.696051267541348e-10,1.088357895195285,entrance_curb_-4.83_-1,inf
20.229,route_2_to_0.8,-3.790584603800385,-5.242665174862203e-11,0.006132856021614844,-7.447414338355813e-11,2.4000408006841853,5.062653897106464e-09,0.2799999999946179,1.1152369350589477e-10,1.120766209396858,entrance_curb_-4.83_-1,inf
20.442,route_2_to_0.8,-3.7309445980484215,-5.2929323321284416e-11,0.006132867357945187,-2.2523457010832268e-10,2.4571608006831154,5.3433552014809785e-09,0.27999999999486214,3.7547026419903676e-10,1.152355124606431,entrance_curb_-4.83_-1,inf
20.675,route_2_to_0.8,-3.665704588227053,-5.994715240644116e-11,0.006132876736332126,-3.6573864969497964e-10,2.523800800681861,5.676780209823384e-09,0.2799999999946179,6.376977798863076e-10,1.1884226701200877,entrance_curb_-4.83_-1,inf
20.889,route_2_to_0.8,-3.605784576937296,-7.141220991139792e-11,0.006132882148257202,-4.755761524989457e-10,2.580920800680791,5.970621075880124e-09,0.27999999999486214,8.439127532989415e-10,1.2228692918202402,entrance_curb_-4.83_-1,inf
21.1,route_2_to_0.8,-3.546704564695731,-8.669695125214595e-11,0.006132884236299895,-5.685002527887616e-10,2.6380408006797182,6.274317356585838e-09,0.2799999999946179,1.0084406428191987e-09,1.2580054315296918,entrance_curb_-4.83_-1,inf
21.317,route_2_to_0.8,-3.4859445503792306,-1.1366539326493868e-10,0.006132882971882041,-6.030415852433463e-10,2.7046808006784726,6.6436981378817175e-09,0.27999999999483993,1.131066566571345e-09,1.2952914922681926,entrance_curb_-4.83_-1,inf
21.534,route_2_to_0.8,-3.4251845342738845,-1.424828920191535e-10,0.006132878323274166,-6.273941702879398e-10,2.7618008006774035,6.9745004891076675e-09,0.2799999999946179,1.1800596342386744e-09,1.3336823959245034,entrance_curb_-4.83_-1,inf
21.735,route_2_to_0.8,-3.3689045211436155,-1.7029733374492327e-10,0.006132871162433555,-6.512969265643419e-10,2.8189208006763256,7.319039038705578e-09,0.2799999999947289,1.2381493679787389e-09,1.370176084845247,entrance_curb_-4.83_-1,inf
21.951,route_2_to_0.8,-3.3084245098986744,-2.0111847610107981e-10,0.006132860749920463,-6.732463475283844e-10,2.8760408006752494,7.67798626557963e-09,0.2799999999946401,1.2875721993975365e-09,1.4103405756545246,entrance_curb_-4.83_-1,inf
22.16,route_2_to_0.8,-3.2499045025922495,-2.3173686458435243e-10,0.006132848471415621,-6.909115703940784e-10,2.9426808006739975,8.115774316328862e-09,0.2799999999946179,1.3389289676979386e-09,1.4500882733539582,entrance_curb_-4.83_-1,inf
22.388,route_2_to_0.8,-3.186064499308309,-2.6584188396777125e-10,0.006132833348581714,-7.053513299778605e-10,2.9998008006729275,8.507936712312192e-09,0.27999999999486214,1.3798281513792914e-09,1.4943869896893691,entrance_curb_-4.83_-1,inf
22.6,route_2_to_0.8,-3.1267045010227705,-2.9781372787426127e-10,0.0061328188534128785,-7.092041184477462e-10,3.056920800671863,8.916195601995904e-09,0.2799999999946845,1.41005486856586e-09,1.5364063912669312,entrance_curb_-4.83_-1,inf
22.817,route_2_to_0.8,-3.0659445093966657,-3.3022919297032324e-10,0.006132819818482174,-5.248619204522207e-10,3.1235608006706057,9.413039319007982e-09,0.2799999999946401,1.1463231797484518e-09,1.5801982757238853,entrance_curb_-4.83_-1,inf
23.04,route_2_to_0.8,-3.0035045149673887,-3.537893672105761e-10,0.0061328346004338495,-2.790821569594585e-10,3.180680800669533,9.853719955455e-09,0.2799999999946623,7.424168806606289e-10,1.6259790377458763,entrance_curb_-4.83_-1,inf
23.254,route_2_to_0.8,-2.9435845154651257,-3.6690249340738367e-10,0.006132848891339934,-7.577323628438933e-11,3.2378008006684595,1.030328931840218e-08,0.27999999999486214,3.882199221592482e-10,1.6706125694303027,entrance_curb_-4.83_-1,inf
23.463,route_2_to_0.8,-2.88506451184979,-3.72129540247205e-10,0.006132861231420555,9.52982502862139e-11,3.3044408006672166,1.0833533911342789e-08,0.27999999999486214,7.062450982454223e-11,1.7148292199530277,entrance_curb_-4.83_-1,inf
23.674,route_2_to_0.8,-2.8259845047295307,-3.709415181768904e-10,0.006132871401685815,2.4398564429952023e-10,3.361560800666145,1.1288922919929856e-08,0.2799999999946401,-2.0141594485457678e-10,1.7600629344220162,entrance_curb_-4.83_-1,inf
23.894,route_2_to_0.8,-2.7643844944510967,-3.6383203472533317e-10,0.006132879064831299,3.7671019004705515e-10,3.4186808006650766,1.1741886569076914e-08,0.27999999999486214,-4.236038043634307e-10,1.807827446256479,entrance_curb_-4.83_-1,inf
24.099,route_2_to_0.8,-2.7069844831518215,-3.5262737742050066e-10,0.006132883185860704,4.827782470426204e-10,3.475800800664005,1.2189719248624924e-08,0.2799999999948177,-6.466511913752201e-10,1.8528585653644307,entrance_curb_-4.83_-1,inf
24.317,route_2_to_0.8,-2.645944470230556,-3.3423136006222167e-10,0.006132884183781432,5.709413131287149e-10,3.542440800662755,1.2702584138168904e-08,0.27999999999488434,-8.391137247408846e-10,1.8158942333188648,entrance_curb_-0.57_-1,inf
24.545,route_2_to_0.8,-2.5821044539260765,-3.0527768594791045e-10,0.0061328815201317655,5.962838864641129e-10,3.609080800661502,1.3202384065998332e-08,0.2799999999946401,-8.944816213883196e-10,1.766300798589591,entrance_curb_-0.57_-1,inf
24.765,route_2_to_0.8,-2.520504438278372,-2.757609366394563e-10,0.006132875461842361,6.307927040472224e-10,3.6662008006604365,1.3619371732723542e-08,0.2799999999946845,-9.705498053981206e-10,1.7190680309586894,entrance_curb_-0.57_-1,inf
24.988,route_2_to_0.8,-2.4580644250339008,-2.4452091802099785e-10,0.006132866115636415,6.604268282453055e-10,3.7328408006591784,1.409149686848965e-08,0.2799999999945957,-1.0453286981535184e-09,1.6718501714167582,entrance_curb_-0.57_-1,inf
25.247,route_2_to_0.8,-2.3855444142391073,-2.0679744210227663e-10,0.006132851855657204,6.889246588774578e-10,3.7994808006579275,1.4547044778527775e-08,0.2799999999946179,-1.106283523570035e-09,1.6178946981273463,entrance_curb_-0.57_-1,inf
25.478,route_2_to_0.8,-2.320864409709566,-1.7208706011614252e-10,0.006132836877895279,7.085488411135968e-10,3.8661208006566845,1.49849895898887e-08,0.2799999999945957,-1.1688141494086003e-09,1.5706260283116729,entrance_curb_-0.57_-1,inf
25.689,route_2_to_0.8,-2.2617844102764173,-1.3984402202699647e-10,0.006132822354036706,7.187247398209723e-10,3.9232408006556145,1.5345665729804292e-08,0.2799999999946401,-1.203338504109847e-09,1.5281976808363504,entrance_curb_-0.57_-1,inf
25.898,route_2_to_0.8,-2.203264417047487,-1.0755063010892429e-10,0.006132816690719698,6.080347010049485e-10,3.9803608006545375,1.5692336198931948e-08,0.2799999999946179,-1.160863520006446e-09,1.4869165467810053,entrance_curb_-0.57_-1,inf
26.13,route_2_to_0.8,-2.1383044242672042,-7.965401918045248e-11,0.006132831038030319,3.4394837103070014e-10,4.047000800653285,1.6080898345798713e-08,0.2799999999945957,-6.490865193002043e-10,1.4420118949320928,entrance_curb_-0.57_-1,inf
26.351,route_2_to_0.8,-2.076424425844274,-6.369001607347062e-11,0.006132846021760544,1.2782668175772459e-10,4.11364080065203,1.6458948677018114e-08,0.27999999999486214,-2.456816112557605e-10,1.4001895569828817,entrance_curb_-0.57_-1,inf
26.566,route_2_to_0.8,-2.0162244229094366,-5.6440707204331036e-11,0.0061328591068714145,-5.268488494020737e-11,4.170760800650955,1.6779772280222767e-08,0.2799999999946401,5.7015324361395135e-11,1.3604486873723793,entrance_curb_-0.57_-1,inf
26.798,route_2_to_0.8,-1.9512644155515084,-5.635224346817633e-11,0.006132870653621027,-2.1879887044337182e-10,4.2374008006497,1.7155363645966543e-08,0.2799999999946401,3.890794496621839e-10,1.3186745435933878,entrance_curb_-0.57_-1,inf
27.001,route_2_to_0.8,-1.894424406333664,-6.185069594084892e-11,0.00613287807508603,-3.429419857184119e-10,4.294520800648625,1.7482015917042092e-08,0.2799999999946401,6.231574396283138e-10,1.2831208992599632,entrance_curb_-0.57_-1,inf
27.206,route_2_to_0.8,-1.8370243952483332,-7.18762433690241e-11,0.006132882704009009,-4.51180511488193e-10,4.351640800647548,1.7815932551937568e-08,0.2799999999945957,8.221380565579063e-10,1.2482160550324963,entrance_curb_-0.57_-1,inf
27.446,route_2_to_0.8,-1.7698243811345675,-9.02364476026618e-11,0.006132884221128227,-5.527889945367436e-10,4.418280800646295,1.821788946020431e-08,0.27999999999486214,1.0315762581065486e-09,1.208699346994671,entrance_curb_-0.57_-1,inf
27.684,route_2_to_0.8,-1.703184364234261,-1.196663621102557e-10,0.006132881571468698,-5.799088035263171e-10,4.4849208006450425,1.863609310369669e-08,0.2799999999948177,1.1119420796310276e-09,1.1710312313883073,entrance_curb_-0.57_-1,inf
27.899,route_2_to_0.8,-1.6429843488941689,-1.4765830372143637e-10,0.006132875725442594,-6.116508309309693e-10,4.542040800643972,1.9008685917553553e-08,0.27999999999490655,1.189013045727587e-09,1.1383796238188317,entrance_curb_-0.57_-1,inf
28.101,route_2_to_0.8,-1.5864243366617616,-1.7501465963844786e-10,0.0061328674793489375,-6.370267935210362e-10,4.599160800642894,1.9395194506494202e-08,0.2799999999948177,1.2594943009683064e-09,1.108956434257029,entrance_curb_-0.57_-1,inf
28.361,route_2_to_0.8,-1.5136243252302144,-2.115238145006424e-10,0.006132853521815833,-6.640855304044299e-10,4.675320800641447,1.9933579218522165e-08,0.27999999999432923,1.3412926683310117e-09,1.072969956131222,entrance_curb_-0.57_-1,inf
28.58,route_2_to_0.8,-1.4523043202260641,-2.432036701475837e-10,0.006132839552306531,-6.817265452691933e-10,4.732440800640376,2.035562036887165e-08,0.27999999999490655,1.4067600131379401e-09,1.044390790179128,entrance_curb_-0.57_-1,inf
28.793,route_2_to_0.8,-1.3926643199484137,-2.7453750881375837e-10,0.006132824928228016,-6.921890709577233e-10,4.799080800639125,2.086879167863826e-08,0.27999999999486214,1.4616265187419967e-09,1.018192177803331,entrance_curb_-0.57_-1,inf
29.018,route_2_to_0.8,-1.3296643261801206,-3.0810980395909023e-10,0.006132815817782122,-6.077807053504463e-10,4.856200800638051,2.1327110943435076e-08,0.27999999999490655,1.4548935533023344e-09,0.9923079181991703,entrance_curb_-0.57_-1,inf
29.228,route_2_to_0.8,-1.2708643334729104,-3.340268382195689e-10,0.006132828044702754,-3.639241087065547e-10,4.913320800636972,2.180168780479081e-08,0.27999999999490655,1.01567499930224e-09,0.9698807534766276,entrance_curb_-0.57_-1,inf
29.438,route_2_to_0.8,-1.2120643360230179,-3.502589893537485e-10,0.006132842418366913,-1.5128591959587662e-10,4.979960800635718,2.2370299920165802e-08,0.27999999999486214,6.336150242473635e-10,0.9491932213343559,entrance_curb_-0.57_-1,inf
29.646,route_2_to_0.8,-1.1538243342790075,-3.583280170183165e-10,0.006132855564361541,3.097725044829083e-11,5.027560800634815,2.2782835450826196e-08,0.27999999999486214,3.385105815728057e-10,0.930480718529854,entrance_curb_-0.57_-1,inf
29.863,route_2_to_0.8,-1.0930643285180068,-3.595127250014218e-10,0.006132867178385481,1.946090293887746e-10,5.09420080063356,2.3364833146529517e-08,0.27999999999486214,4.655773974234528e-11,0.912909283342008,entrance_curb_-0.57_-1,inf
30.067,route_2_to_0.8,-1.03594432012949,-3.548897034602871e-10,0.006132875627754922,3.2694371951295646e-10,5.1513208006324795,2.386438520568009e-08,0.2799999999948177,-1.876635048076071e-10,0.8982632992053048,entrance_curb_-0.57_-1,inf
30.287,route_2_to_0.8,-0.9743443087720765,-3.446190439220146e-10,0.006132881649126136,4.4947108425193546e-10,5.208440800631379,2.436159621529671e-08,0.27999999999486214,-3.9008223174894206e-10,0.8845599149940924,entrance_curb_-0.57_-1,inf
30.496,route_2_to_0.8,-0.9158242967318286,-3.3053696960123305e-10,0.0061328841462794745,5.492843588059048e-10,5.275080800630125,2.4935504916150078e-08,0.27999999999486214,-6.049641074828433e-10,0.8736006410475106,entrance_curb_-0.57_-1,inf
30.698,route_2_to_0.8,-0.8592642839019725,-3.070606864167897e-10,0.006132883501960478,5.990752279215317e-10,5.32268080062922,2.533961745873999e-08,0.27999999999486214,-7.270170128996993e-10,0.864954124801212,entrance_curb_-0.57_-1,inf
30.899,route_2_to_0.8,-0.8029842689005376,-2.805894397298052e-10,0.0061328799341927994,6.220898418209626e-10,5.379800800628136,2.5816812990852675e-08,0.27999999999490655,-7.750072984802707e-10,0.8582797862968852,entrance_curb_-0.57_-1,inf
31.115,route_2_to_0.8,-0.7425042542139678,-2.505275809945264e-10,0.00613287298182701,6.548562969497783e-10,5.446440800626867,2.636190981695628e-08,0.27999999999486214,-8.760017800752042e-10,0.8532801131836796,entrance_curb_-0.57_-1,inf
31.325,route_2_to_0.8,-0.6837042425722681,-2.2013699703619868e-10,0.006132863426866238,6.818638447308385e-10,5.50356080062579,2.6818157365449155e-08,0.27999999999437364,-9.466262898997466e-10,0.8505967824890741,entrance_curb_-0.57_-1,inf
31.547,route_2_to_0.8,-0.6215442339649695,-1.8693810926864532e-10,0.006132850825379058,7.055672940212814e-10,5.560680800624715,2.7263373071148253e-08,0.27999999999490655,-1.0188266001463372e-09,0.8499999998130616,entrance_curb_-0.57_-1,inf
31.764,route_2_to_0.8,-0.5607842299143602,-1.5362230393211385e-10,0.006132836686528308,7.235736198173847e-10,5.62732080062346,2.7767775663062654e-08,0.27999999999486214,-1.0911701649767507e-09,0.8499999998463774,entrance_curb_-0.57_-1,inf
31.999,route_2_to_0.8,-0.494984230907217,-1.1700517664908307e-10,0.006132820547866905,7.331869425980995e-10,5.693960800622193,2.8254924406046892e-08,0.27999999999441805,-1.148758507673436e-09,0.8500078617198026,entrance_curb_-0.57_-1,inf
32.209,route_2_to_0.8,-0.4361842384571599,-8.419510190980819e-11,0.006132818022839226,5.880055735621034e-10,5.751080800621116,2.8658079219343086e-08,0.27999999999486214,-1.0507723723387772e-09,0.8512721352574231,entrance_curb_-0.57_-1,inf
32.423,route_2_to_0.8,-0.37626424467048725,-5.890389827152788e-11,0.006132831715398797,3.460706647445028e-10,5.80820080062003,2.90496606867165e-08,0.27999999999490655,-6.414940263576065e-10,0.8547774104088302,entrance_curb_-0.57_-1,inf
32.657,route_2_to_0.8,-0.3107442459588149,-4.220602954396632e-11,0.006132847498817404,1.1842348793573826e-10,5.8748408006187685,2.9497694218703158e-08,0.27999999999486214,-2.006996719354638e-10,0.8611541640397535,entrance_curb_-0.57_-1,inf
32.881,route_2_to_0.8,-0.24802424236510287,-3.5191960656084614e-11,0.0061328608637928545,-6.731836029207986e-11,5.941480800617516,2.994235558325583e-08,0.27999999999486214,1.3308350837119617e-10,0.8697196616461333,entrance_curb_-0.57_-1,inf
33.083,route_2_to_0.8,-0.19146423570629303,-3.523590485398132e-11,0.006132870731667565,-2.1113836216792532e-10,5.9986008006164315,3.032505194146469e-08,0.27999999999486214,4.218847493575595e-10,0.8794767005807558,entrance_curb_-0.57_-1,inf
33.286,route_2_to_0.8,-0.1346242264690904,-4.045716632731402e-11,0.00613287812906179,-3.3599935149165183e-10,6.055720800615347,3.0712516614935983e-08,0.27999999999490655,6.240169671312494e-10,0.8911884278637374,entrance_curb_-0.57_-1,inf
33.496,route_2_to_0.8,-0.07582421508651059,-5.052258089647015e-11,0.006132882805886129,-4.471159392661703e-10,6.112840800614267,3.110757170401502e-08,0.27999999999486214,8.421936982930705e-10,0.9052719100937168,entrance_curb_-0.57_-1,inf
33.698,route_2_to_0.8,-0.019264203271427187,-6.43761944619677e-11,0.006132884264297949,-5.379856820807242e-10,6.16996080061319,3.1512801982816926e-08,0.27999999999486214,1.0636652848828114e-09,0.9206606196502778,entrance_curb_-0.57_-1,inf
33.914,route_2_to_0.8,0.04121581148821876,-9.063023810387164e-11,0.006132882518627065,-5.648467330034681e-10,6.227080800612114,3.193054037693647e-08,0.27999999999437364,1.2096417057980415e-09,0.9390572975227434,entrance_curb_-0.57_-1,inf
34.123,route_2_to_0.8,0.09973582685621164,-1.171162803744354e-10,0.006132877649633295,-5.94751388503886e-10,6.284200800611039,3.236243809162474e-08,0.2799999999948177,1.343727996255996e-09,0.9587080094738629,entrance_curb_-0.57_-1,inf
34.35,route_2_to_0.8,0.16329584122437857,-1.470483421298724e-10,0.0061328690485923515,-6.21415540545846e-10,6.350840800609792,3.288618429323495e-08,0.27999999999486214,1.5066084580622932e-09,0.9820396567385516,entrance_curb_-0.57_-1,inf
34.564,route_2_to_0.8,0.22321585160773985,-1.7613824552205606e-10,0.006132858178545062,-6.408440128142414e-10,6.407960800608702,3.335407389045759e-08,0.27999999999486214,1.6573122802436688e-09,1.0058590966968464,entrance_curb_-0.57_-1,inf
34.77,route_2_to_0.8,0.28089585797988503,-2.0472255025463008e-10,0.006132845689718608,-6.540688756185626e-10,6.4650808006076215,3.38413845939803e-08,0.27999999999486214,1.8466948400571474e-09,1.0303927489054283,entrance_curb_-0.57_-1,inf
34.975,route_2_to_0.8,0.3382958602784749,-2.334612337770015e-10,0.006132831926888807,-6.606437270350857e-10,6.522200800606542,3.4350205676414064e-08,0.2799999999946845,2.0438131473970462e-09,1.056305607756603,entrance_curb_-0.57_-1,inf
35.179,route_2_to_0.8,0.3954158582778276,-2.6183882781905664e-10,0.006132818046238642,-6.548776465531599e-10,6.5793208006054655,3.4882919390405386e-08,0.27999999999486214,2.260700587304464e-09,1.0835129010774736,entrance_curb_-0.57_-1,inf
35.395,route_2_to_0.8,0.45311198199752156,-2.90635564280342e-10,0.006132819780426912,-5.044822873729059e-10,6.643204796356995,3.55105560917087e-08,0.2509411225902536,2.4162750653358085e-09,1.112370116087887,entrance_curb_-0.57_-1,inf
35.611,route_2_to_0.8,0.5026506578571879,-3.1473293432318904e-10,0.006132831455668924,-3.6490989511365573e-10,6.690239771816831,3.599790520269858e-08,0.2143041472745466,2.549358573707005e-09,1.138202409884678,entrance_curb_-0.57_-1,inf
35.824,route_2_to_0.8,0.5445257746753376,-3.330703135441435e-10,0.00613284175041131,-2.5480491165768033e-10,6.730851315979828,3.643984834501702e-08,0.18636829913387665,2.7552154106600822e-09,1.1607679327682072,entrance_curb_-0.57_-1,inf
36.067,route_2_to_0.8,0.5851616852628765,-3.475930549007128e-10,0.006132851167612771,-1.0965193474370837e-10,6.771298551560611,3.690471985717796e-08,0.15573604617484804,3.0693727129830457e-09,1.183281118215938,entrance_curb_-0.57_-1,inf
36.29,route_2_to_0.8,0.6167889694076617,-3.5933890847829727e-10,0.006132857911305553,4.906701370948107e-12,6.80554710726187,3.732336219574851e-08,0.13196674641280381,3.366196210663474e-09,1.2012092663373504,entrance_curb_-0.57_-1,inf
36.529,route_2_to_0.8,0.6454083867456782,-3.6370623867096646e-10,0.006132863476386679,1.7983455360682337e-10,6.834300646228608,3.7698256556262193e-08,0.11149845032307759,3.847388357723591e-09,1.2177297505662397,entrance_curb_-0.57_-1,inf
36.764,route_2_to_0.8,0.6692093722391774,-3.65969908832434e-10,0.006132867675248161,3.5968569544023636e-10,6.858603721078969,3.803739991949512e-08,0.09473922386340483,4.292050585908944e-09,1.231678721428079,entrance_curb_-0.57_-1,inf
36.973,route_2_to_0.8,0.6872959112773007,-3.667276013571695e-10,0.00613287058771312,5.230724389370162e-10,6.876426996377071,3.830310931883699e-08,0.08071055212668377,4.8261036743996e-09,1.242403468116402,entrance_curb_-0.57_-1,inf
37.186,route_2_to_0.8,0.7032040468144698,-3.670660457463082e-10,0.00613287293535936,7.048644403619026e-10,6.894248722071301,3.858782009175629e-08,0.07029282056527641,5.389380697990067e-09,1.251924068763874,entrance_curb_-0.57_-1,inf
37.393,stop_x0.8,0.7045785641495576,-3.6703043180836744e-10,0.006132873200641726,7.228570852534335e-10,6.89460018617545,3.859366398258648e-08,0.0,0.0,1.2527504877128632,entrance_curb_-0.57_-1,inf
37.624,stop_x0.8,0.7045785641495576,-3.6703043180836744e-10,0.006132873200641726,7.228570852534335e-10,6.89460018617545,3.859366398258648e-08,0.0,0.0,1.2527504877128632,entrance_curb_-0.57_-1,inf
37.833,stop_x0.8,0.7045785641495576,-3.6703043180836744e-10,0.006132873200641726,7.228570852534335e-10,6.89460018617545,3.859366398258648e-08,0.0,0.0,1.2527504877128632,entrance_curb_-0.57_-1,inf
38.035,stop_x0.8,0.7045785641495576,-3.6703043180836744e-10,0.006132873200641726,7.228570852534335e-10,6.89460018617545,3.859366398258648e-08,0.0,0.0,1.2527504877128632,entrance_curb_-0.57_-1,inf
38.266,stop_x0.8,0.7045785641495576,-3.6703043180836744e-10,0.006132873200641726,7.228570852534335e-10,6.89460018617545,3.859366398258648e-08,0.0,0.0,1.2527504877128632,entrance_curb_-0.57_-1,inf
38.473,stop_x0.8,0.7045785641495576,-3.6703043180836744e-10,0.006132873200641726,7.228570852534335e-10,6.89460018617545,3.859366398258648e-08,0.0,0.0,1.2527504877128632,entrance_curb_-0.57_-1,inf
38.685,stop_x0.8,0.7045785641495576,-3.6703043180836744e-10,0.006132873200641726,7.228570852534335e-10,6.89460018617545,3.859366398258648e-08,0.0,0.0,1.2527504877128632,entrance_curb_-0.57_-1,inf
38.892,route_section_end,0.7045785641495576,-3.6703043180836744e-10,0.006132873200641726,7.228570852534335e-10,6.89460018617545,3.859366398258648e-08,0.0,0.0,1.2527504877128632,entrance_curb_-0.57_-1,inf
39.135,route_section_end,0.7045785641495576,-3.6703043180836744e-10,0.006132873200641726,7.228570852534335e-10,6.89460018617545,3.859366398258648e-08,0.0,0.0,1.2527504877128632,entrance_curb_-0.57_-1,inf
39.361,route_section_end,0.7045785641495576,-3.6703043180836744e-10,0.006132873200641726,7.228570852534335e-10,6.89460018617545,3.859366398258648e-08,0.0,0.0,1.2527504877128632,entrance_curb_-0.57_-1,inf
39.582,route_section_end,0.7045785641495576,-3.6703043180836744e-10,0.006132873200641726,7.228570852534335e-10,6.89460018617545,3.859366398258648e-08,0.0,0.0,1.2527504877128632,entrance_curb_-0.57_-1,inf
39.799,route_section_end,0.7045785641495576,-3.6703043180836744e-10,0.006132873200641726,7.228570852534335e-10,6.89460018617545,3.859366398258648e-08,0.0,0.0,1.2527504877128632,entrance_curb_-0.57_-1,inf
40.001,route_section_end,0.7045785641495576,-3.6703043180836744e-10,0.006132873200641726,7.228570852534335e-10,6.89460018617545,3.859366398258648e-08,0.0,0.0,1.2527504877128632,entrance_curb_-0.57_-1,inf
40.213,route_section_end,0.7045785641495576,-3.6703043180836744e-10,0.006132873200641726,7.228570852534335e-10,6.89460018617545,3.859366398258648e-08,0.0,0.0,1.2527504877128632,entrance_curb_-0.57_-1,inf
